id,year,zip_code,city,state,climate,building_class,facility_type,floor_area,year_built,number_of_people,occupant_density,operating_hours,lighting,air_flow_control,heating,heating_fuel,cooling,wall_type,wall_insulation_r_value,roof_ceiling,window_glass_layers,window_glass_type,energy_star_label,energy_star_rating,leed_score,electric_eui,fuel_eui,site_eui,source_eui,ghg_emissions_int,data_source
1,2017,13219,Syracuse,NY,5A Cool - Humid (Chicago-IL),Commercial,Industrial,2400,No Value,No Value,No Value,No Value,Unknown,Unknown,Unknown,Unknown,Unknown,Unknown,No Value,Unknown,Unknown,Unknown,Unknown,No Value,Unknown,5.1753633450,85.5291047917,90.7044681367,106.0562009345,4.7315888331,Syracuse Benchmarking Ordinance
10,2017,13204,Syracuse,NY,5A Cool - Humid (Chicago-IL),Commercial,Public Assembly - Recreation,36468,No Value,No Value,No Value,No Value,Unknown,Unknown,Unknown,Unknown,Unknown,Unknown,No Value,Unknown,Unknown,Unknown,Unknown,No Value,Unknown,16.3764100502,23.7501359425,40.1265459927,76.3595702972,1.8598596247,Syracuse Benchmarking Ordinance
100,2017,13210,Syracuse,NY,5A Cool - Humid (Chicago-IL),Commercial,Public Assembly - Other,1070,No Value,No Value,No Value,No Value,Unknown,Unknown,Unknown,Unknown,Unknown,Unknown,No Value,Unknown,Unknown,Unknown,Unknown,No Value,Unknown,29.1820881813,0.0000000000,29.1820881813,91.6317568893,1.0664843591,Syracuse Benchmarking Ordinance
101,2017,13210,Syracuse,NY,5A Cool - Humid (Chicago-IL),Commercial,Public Assembly - Recreation,2501,No Value,No Value,No Value,No Value,Unknown,Unknown,Unknown,Unknown,Unknown,Unknown,No Value,Unknown,Unknown,Unknown,Unknown,No Value,Unknown,31.1133687037,81.8038494202,112.9172181240,183.5900196209,5.4816670995,Syracuse Benchmarking Ordinance
102,2017,13210,Syracuse,NY,5A Cool - Humid (Chicago-IL),Commercial,Public Assembly - Pool,14480,No Value,No Value,No Value,No Value,Unknown,Unknown,Unknown,Unknown,Unknown,Unknown,No Value,Unknown,Unknown,Unknown,Unknown,No Value,Unknown,No Value,No Value,No Value,No Value,No Value,Syracuse Benchmarking Ordinance
103,2017,13210,Syracuse,NY,5A Cool - Humid (Chicago-IL),Commercial,Public Assembly - Recreation,3125,No Value,No Value,No Value,No Value,Unknown,Unknown,Unknown,Unknown,Unknown,Unknown,No Value,Unknown,Unknown,Unknown,Unknown,No Value,Unknown,No Value,No Value,No Value,No Value,No Value,Syracuse Benchmarking Ordinance
104,2017,13208,Syracuse,NY,5A Cool - Humid (Chicago-IL),Commercial,Service - Repair shop,20741,No Value,No Value,No Value,No Value,Unknown,Unknown,Unknown,Unknown,Unknown,Unknown,No Value,Unknown,Unknown,Unknown,Unknown,No Value,Unknown,47.2083165903,53.5654013934,100.7737179837,204.4777855567,4.5701267542,Syracuse Benchmarking Ordinance
105,2017,13205,Syracuse,NY,5A Cool - Humid (Chicago-IL),Commercial,Public Assembly - Recreation,2880,No Value,No Value,No Value,No Value,Unknown,Unknown,Unknown,Unknown,Unknown,Unknown,No Value,Unknown,Unknown,Unknown,Unknown,No Value,Unknown,19.7915967708,0.0000000000,19.7915967708,62.1456138604,0.7233008230,Syracuse Benchmarking Ordinance
106,2017,13207,Syracuse,NY,5A Cool - Humid (Chicago-IL),Commercial,Education - Other classroom,93625,No Value,No Value,No Value,No Value,Unknown,Unknown,Unknown,Unknown,Unknown,Unknown,No Value,Unknown,Unknown,Unknown,Unknown,83,Unknown,17.5689876812,37.5125240246,55.0815117058,94.5547715448,2.6343638247,Syracuse Benchmarking Ordinance
107,2017,13204,Syracuse,NY,5A Cool - Humid (Chicago-IL),Commercial,Warehouse - Non-refrigerated,62000,No Value,No Value,No Value,No Value,Unknown,Unknown,Unknown,Unknown,Unknown,Unknown,No Value,Unknown,Unknown,Unknown,Unknown,35,Unknown,18.1734428816,39.9375804597,58.1110233413,98.9990701309,2.7852489040,Syracuse Benchmarking Ordinance
108,2017,13202,Syracuse,NY,5A Cool - Humid (Chicago-IL),Commercial,Parking Garage,333574,No Value,No Value,No Value,No Value,Unknown,Unknown,Unknown,Unknown,Unknown,Unknown,No Value,Unknown,Unknown,Unknown,Unknown,No Value,Unknown,3.7702359988,0.0000000000,3.7702359988,11.8385410361,0.1377864976,Syracuse Benchmarking Ordinance
109,2017,13208,Syracuse,NY,5A Cool - Humid (Chicago-IL),Commercial,Education - Other classroom,83526,No Value,No Value,No Value,No Value,Unknown,Unknown,Unknown,Unknown,Unknown,Unknown,No Value,Unknown,Unknown,Unknown,Unknown,56,Unknown,21.7124256972,59.3064827850,81.0189084822,130.4488236135,3.9432664589,Syracuse Benchmarking Ordinance
11,2017,13202,Syracuse,NY,5A Cool - Humid (Chicago-IL),Commercial,Parking Garage,32760,No Value,No Value,No Value,No Value,Unknown,Unknown,Unknown,Unknown,Unknown,Unknown,No Value,Unknown,Unknown,Unknown,Unknown,No Value,Unknown,5.7344678980,0.0000000000,5.7344678980,18.0062291997,0.2095710315,Syracuse Benchmarking Ordinance
110,2017,13219,Syracuse,NY,5A Cool - Humid (Chicago-IL),Commercial,Industrial,233023,No Value,No Value,No Value,No Value,Unknown,Unknown,Unknown,Unknown,Unknown,Unknown,No Value,Unknown,Unknown,Unknown,Unknown,No Value,Unknown,4.1979383159,1.9384214153,6.1363597312,15.2168687979,0.2563668058,Syracuse Benchmarking Ordinance
111,2017,13219,Syracuse,NY,5A Cool - Humid (Chicago-IL),Commercial,Commercial - Other,1439,No Value,No Value,No Value,No Value,Unknown,Unknown,Unknown,Unknown,Unknown,Unknown,No Value,Unknown,Unknown,Unknown,Unknown,No Value,Unknown,No Value,No Value,No Value,No Value,No Value,Syracuse Benchmarking Ordinance
112,2017,13219,Syracuse,NY,5A Cool - Humid (Chicago-IL),Commercial,Industrial,1062,No Value,No Value,No Value,No Value,Unknown,Unknown,Unknown,Unknown,Unknown,Unknown,No Value,Unknown,Unknown,Unknown,Unknown,No Value,Unknown,No Value,No Value,No Value,No Value,No Value,Syracuse Benchmarking Ordinance
113,2017,13219,Syracuse,NY,5A Cool - Humid (Chicago-IL),Commercial,Industrial,2880,No Value,No Value,No Value,No Value,Unknown,Unknown,Unknown,Unknown,Unknown,Unknown,No Value,Unknown,Unknown,Unknown,Unknown,No Value,Unknown,No Value,No Value,No Value,No Value,No Value,Syracuse Benchmarking Ordinance
114,2017,13219,Syracuse,NY,5A Cool - Humid (Chicago-IL),Commercial,Industrial,110390,No Value,No Value,No Value,No Value,Unknown,Unknown,Unknown,Unknown,Unknown,Unknown,No Value,Unknown,Unknown,Unknown,Unknown,No Value,Unknown,No Value,No Value,No Value,No Value,No Value,Syracuse Benchmarking Ordinance
115,2017,13219,Syracuse,NY,5A Cool - Humid (Chicago-IL),Commercial,Industrial,2120,No Value,No Value,No Value,No Value,Unknown,Unknown,Unknown,Unknown,Unknown,Unknown,No Value,Unknown,Unknown,Unknown,Unknown,No Value,Unknown,No Value,No Value,No Value,No Value,No Value,Syracuse Benchmarking Ordinance
116,2017,13219,Syracuse,NY,5A Cool - Humid (Chicago-IL),Commercial,Industrial,1680,No Value,No Value,No Value,No Value,Unknown,Unknown,Unknown,Unknown,Unknown,Unknown,No Value,Unknown,Unknown,Unknown,Unknown,No Value,Unknown,No Value,No Value,No Value,No Value,No Value,Syracuse Benchmarking Ordinance
117,2017,13219,Syracuse,NY,5A Cool - Humid (Chicago-IL),Commercial,Industrial,110390,No Value,No Value,No Value,No Value,Unknown,Unknown,Unknown,Unknown,Unknown,Unknown,No Value,Unknown,Unknown,Unknown,Unknown,No Value,Unknown,No Value,No Value,No Value,No Value,No Value,Syracuse Benchmarking Ordinance
118,2017,13219,Syracuse,NY,5A Cool - Humid (Chicago-IL),Commercial,Industrial,2000,No Value,No Value,No Value,No Value,Unknown,Unknown,Unknown,Unknown,Unknown,Unknown,No Value,Unknown,Unknown,Unknown,Unknown,No Value,Unknown,No Value,No Value,No Value,No Value,No Value,Syracuse Benchmarking Ordinance
119,2017,13219,Syracuse,NY,5A Cool - Humid (Chicago-IL),Commercial,Industrial,1062,No Value,No Value,No Value,No Value,Unknown,Unknown,Unknown,Unknown,Unknown,Unknown,No Value,Unknown,Unknown,Unknown,Unknown,No Value,Unknown,No Value,No Value,No Value,No Value,No Value,Syracuse Benchmarking Ordinance
12,2017,13210,Syracuse,NY,5A Cool - Humid (Chicago-IL),Commercial,Office - Uncategorized,67474,No Value,No Value,No Value,No Value,Unknown,Unknown,Unknown,Unknown,Unknown,Unknown,No Value,Unknown,Unknown,Unknown,Unknown,88,Unknown,19.8995262437,65.6534401369,85.5529663806,131.4206245489,4.2140994035,Syracuse Benchmarking Ordinance
120,2017,13204,Syracuse,NY,5A Cool - Humid (Chicago-IL),Commercial,Education - Other classroom,136613,No Value,No Value,No Value,No Value,Unknown,Unknown,Unknown,Unknown,Unknown,Unknown,No Value,Unknown,Unknown,Unknown,Unknown,36,Unknown,10.3395387457,108.4567359915,118.7962747371,146.3457244525,6.1380045308,Syracuse Benchmarking Ordinance
121,2017,13204,Syracuse,NY,5A Cool - Humid (Chicago-IL),Commercial,Office - Uncategorized,15609,No Value,No Value,No Value,No Value,Unknown,Unknown,Unknown,Unknown,Unknown,Unknown,No Value,Unknown,Unknown,Unknown,Unknown,54,Unknown,9.9249794299,136.9733051188,146.8982845488,174.9864057848,7.6373690926,Syracuse Benchmarking Ordinance
122,2017,13202,Syracuse,NY,5A Cool - Humid (Chicago-IL),Commercial,Public Assembly - Recreation,12000,No Value,No Value,No Value,No Value,Unknown,Unknown,Unknown,Unknown,Unknown,Unknown,No Value,Unknown,Unknown,Unknown,Unknown,No Value,Unknown,11.1373955670,0.0000000000,11.1373955670,34.9714220804,0.4070256419,Syracuse Benchmarking Ordinance
123,2017,13202,Syracuse,NY,5A Cool - Humid (Chicago-IL),Commercial,Public Assembly - Recreation,2438,No Value,No Value,No Value,No Value,Unknown,Unknown,Unknown,Unknown,Unknown,Unknown,No Value,Unknown,Unknown,Unknown,Unknown,No Value,Unknown,27.5281882174,124.0748318704,151.6030200878,216.7170844665,7.5956554917,Syracuse Benchmarking Ordinance
124,2017,13207,Syracuse,NY,5A Cool - Humid (Chicago-IL),Commercial,Industrial,21024,No Value,No Value,No Value,No Value,Unknown,Unknown,Unknown,Unknown,Unknown,Unknown,No Value,Unknown,Unknown,Unknown,Unknown,No Value,Unknown,157.6497618961,42.6580416201,200.3078035163,539.8111960550,8.0270139071,Syracuse Benchmarking Ordinance
125,2017,13207,Syracuse,NY,5A Cool - Humid (Chicago-IL),Commercial,Industrial,1220,No Value,No Value,No Value,No Value,Unknown,Unknown,Unknown,Unknown,Unknown,Unknown,No Value,Unknown,Unknown,Unknown,Unknown,No Value,Unknown,No Value,No Value,No Value,No Value,No Value,Syracuse Benchmarking Ordinance
126,2017,13207,Syracuse,NY,5A Cool - Humid (Chicago-IL),Commercial,Industrial,2400,No Value,No Value,No Value,No Value,Unknown,Unknown,Unknown,Unknown,Unknown,Unknown,No Value,Unknown,Unknown,Unknown,Unknown,No Value,Unknown,No Value,No Value,No Value,No Value,No Value,Syracuse Benchmarking Ordinance
127,2017,13207,Syracuse,NY,5A Cool - Humid (Chicago-IL),Commercial,Industrial,7560,No Value,No Value,No Value,No Value,Unknown,Unknown,Unknown,Unknown,Unknown,Unknown,No Value,Unknown,Unknown,Unknown,Unknown,No Value,Unknown,No Value,No Value,No Value,No Value,No Value,Syracuse Benchmarking Ordinance
128,2017,13207,Syracuse,NY,5A Cool - Humid (Chicago-IL),Commercial,Industrial,4418,No Value,No Value,No Value,No Value,Unknown,Unknown,Unknown,Unknown,Unknown,Unknown,No Value,Unknown,Unknown,Unknown,Unknown,No Value,Unknown,No Value,No Value,No Value,No Value,No Value,Syracuse Benchmarking Ordinance
129,2017,13202,Syracuse,NY,5A Cool - Humid (Chicago-IL),Commercial,Parking Garage,408139,No Value,No Value,No Value,No Value,Unknown,Unknown,Unknown,Unknown,Unknown,Unknown,No Value,Unknown,Unknown,Unknown,Unknown,No Value,Unknown,No Value,No Value,No Value,No Value,No Value,Syracuse Benchmarking Ordinance
13,2017,13202,Syracuse,NY,5A Cool - Humid (Chicago-IL),Commercial,Office - Uncategorized,84555,No Value,No Value,No Value,No Value,Unknown,Unknown,Unknown,Unknown,Unknown,Unknown,No Value,Unknown,Unknown,Unknown,Unknown,92,Unknown,28.9747322964,29.1530587192,58.1277910156,121.5913710658,2.6072253096,Syracuse Benchmarking Ordinance
130,2017,13202,Syracuse,NY,5A Cool - Humid (Chicago-IL),Commercial,Public Safety - Fire or police station,151230,No Value,No Value,No Value,No Value,Unknown,Unknown,Unknown,Unknown,Unknown,Unknown,No Value,Unknown,Unknown,Unknown,Unknown,No Value,Unknown,No Value,No Value,No Value,No Value,No Value,Syracuse Benchmarking Ordinance
131,2017,13202,Syracuse,NY,5A Cool - Humid (Chicago-IL),Commercial,Public Safety - Courthouse,79344,No Value,No Value,No Value,No Value,Unknown,Unknown,Unknown,Unknown,Unknown,Unknown,No Value,Unknown,Unknown,Unknown,Unknown,No Value,Unknown,No Value,No Value,No Value,No Value,No Value,Syracuse Benchmarking Ordinance
133,2017,13210,Syracuse,NY,5A Cool - Humid (Chicago-IL),Commercial,Industrial,41620,No Value,No Value,No Value,No Value,Unknown,Unknown,Unknown,Unknown,Unknown,Unknown,No Value,Unknown,Unknown,Unknown,Unknown,No Value,Unknown,No Value,No Value,No Value,No Value,No Value,Syracuse Benchmarking Ordinance
134,2017,13204,Syracuse,NY,5A Cool - Humid (Chicago-IL),Commercial,Education - Other classroom,35266,No Value,No Value,No Value,No Value,Unknown,Unknown,Unknown,Unknown,Unknown,Unknown,No Value,Unknown,Unknown,Unknown,Unknown,No Value,Unknown,No Value,No Value,No Value,No Value,No Value,Syracuse Benchmarking Ordinance
135,2017,13203,Syracuse,NY,5A Cool - Humid (Chicago-IL),Commercial,Education - Other classroom,12930,No Value,No Value,No Value,No Value,Unknown,Unknown,Unknown,Unknown,Unknown,Unknown,No Value,Unknown,Unknown,Unknown,Unknown,No Value,Unknown,No Value,No Value,No Value,No Value,No Value,Syracuse Benchmarking Ordinance
136,2017,13224,Syracuse,NY,5A Cool - Humid (Chicago-IL),Commercial,Public Assembly - Recreation,8480,No Value,No Value,No Value,No Value,Unknown,Unknown,Unknown,Unknown,Unknown,Unknown,No Value,Unknown,Unknown,Unknown,Unknown,No Value,Unknown,No Value,No Value,No Value,No Value,No Value,Syracuse Benchmarking Ordinance
137,2017,13210,Syracuse,NY,5A Cool - Humid (Chicago-IL),Commercial,Education - Other classroom,5632,No Value,No Value,No Value,No Value,Unknown,Unknown,Unknown,Unknown,Unknown,Unknown,No Value,Unknown,Unknown,Unknown,Unknown,No Value,Unknown,No Value,No Value,No Value,No Value,No Value,Syracuse Benchmarking Ordinance
138,2017,13152,Skaneateles,NY,5A Cool - Humid (Chicago-IL),Commercial,Industrial,1426,No Value,No Value,No Value,No Value,Unknown,Unknown,Unknown,Unknown,Unknown,Unknown,No Value,Unknown,Unknown,Unknown,Unknown,No Value,Unknown,No Value,No Value,No Value,No Value,No Value,Syracuse Benchmarking Ordinance
139,2017,13031,Camillus,NY,5A Cool - Humid (Chicago-IL),Commercial,Industrial,1300,No Value,No Value,No Value,No Value,Unknown,Unknown,Unknown,Unknown,Unknown,Unknown,No Value,Unknown,Unknown,Unknown,Unknown,No Value,Unknown,No Value,No Value,No Value,No Value,No Value,Syracuse Benchmarking Ordinance
14,2017,13202,Syracuse,NY,5A Cool - Humid (Chicago-IL),Commercial,Office - Uncategorized,52957,No Value,No Value,No Value,No Value,Unknown,Unknown,Unknown,Unknown,Unknown,Unknown,No Value,Unknown,Unknown,Unknown,Unknown,76,Unknown,28.8829207150,65.0771934964,93.9601142115,159.0234242164,4.5118007749,Syracuse Benchmarking Ordinance
140,2017,13152,Skaneateles,NY,5A Cool - Humid (Chicago-IL),Commercial,Industrial,1249,No Value,No Value,No Value,No Value,Unknown,Unknown,Unknown,Unknown,Unknown,Unknown,No Value,Unknown,Unknown,Unknown,Unknown,No Value,Unknown,No Value,No Value,No Value,No Value,No Value,Syracuse Benchmarking Ordinance
141,2017,13207,Syracuse,NY,5A Cool - Humid (Chicago-IL),Commercial,Public Assembly - Recreation,1025,No Value,No Value,No Value,No Value,Unknown,Unknown,Unknown,Unknown,Unknown,Unknown,No Value,Unknown,Unknown,Unknown,Unknown,No Value,Unknown,No Value,No Value,No Value,No Value,No Value,Syracuse Benchmarking Ordinance
15,2017,13205,Syracuse,NY,5A Cool - Humid (Chicago-IL),Commercial,Education - Other classroom,137496,No Value,No Value,No Value,No Value,Unknown,Unknown,Unknown,Unknown,Unknown,Unknown,No Value,Unknown,Unknown,Unknown,Unknown,55,Unknown,22.5452554524,50.1930853032,72.7383407556,123.4948416889,3.4896903940,Syracuse Benchmarking Ordinance
16,2017,13207,Syracuse,NY,5A Cool - Humid (Chicago-IL),Commercial,Education - Other classroom,259000,No Value,No Value,No Value,No Value,Unknown,Unknown,Unknown,Unknown,Unknown,Unknown,No Value,Unknown,Unknown,Unknown,Unknown,41,Unknown,23.0352662374,52.9131271158,75.9483933533,127.8895194571,3.6520596776,Syracuse Benchmarking Ordinance
17,2017,13207,Syracuse,NY,5A Cool - Humid (Chicago-IL),Commercial,Education - Other classroom,76871,No Value,No Value,No Value,No Value,Unknown,Unknown,Unknown,Unknown,Unknown,Unknown,No Value,Unknown,Unknown,Unknown,Unknown,93,Unknown,11.9980414200,39.4479067516,51.4459481716,79.0941521481,2.5335570079,Syracuse Benchmarking Ordinance
18,2017,13205,Syracuse,NY,5A Cool - Humid (Chicago-IL),Commercial,Education - Other classroom,140343,No Value,No Value,No Value,No Value,Unknown,Unknown,Unknown,Unknown,Unknown,Unknown,No Value,Unknown,Unknown,Unknown,Unknown,84,Unknown,12.8226034501,45.4443756468,58.2669790969,87.9795692625,2.8821637952,Syracuse Benchmarking Ordinance
19,2017,13204,Syracuse,NY,5A Cool - Humid (Chicago-IL),Commercial,Education - Other classroom,113895,No Value,No Value,No Value,No Value,Unknown,Unknown,Unknown,Unknown,Unknown,Unknown,No Value,Unknown,Unknown,Unknown,Unknown,84,Unknown,17.0193001469,35.6005951526,52.6198952995,90.8212273715,2.5127324815,Syracuse Benchmarking Ordinance
2,2017,13207,Syracuse,NY,5A Cool - Humid (Chicago-IL),Commercial,Public Assembly - Recreation,1444,No Value,No Value,No Value,No Value,Unknown,Unknown,Unknown,Unknown,Unknown,Unknown,No Value,Unknown,Unknown,Unknown,Unknown,No Value,Unknown,No Value,No Value,No Value,No Value,No Value,Syracuse Benchmarking Ordinance
20,2017,13202,Syracuse,NY,5A Cool - Humid (Chicago-IL),Commercial,Education - Other classroom,127430,No Value,No Value,No Value,No Value,Unknown,Unknown,Unknown,Unknown,Unknown,Unknown,No Value,Unknown,Unknown,Unknown,Unknown,63,Unknown,26.5060647572,30.3849538060,56.8910185632,115.1332448339,2.5824316921,Syracuse Benchmarking Ordinance
21,2017,13203,Syracuse,NY,5A Cool - Humid (Chicago-IL),Commercial,Education - Other classroom,111521,No Value,No Value,No Value,No Value,Unknown,Unknown,Unknown,Unknown,Unknown,Unknown,No Value,Unknown,Unknown,Unknown,Unknown,42,Unknown,35.5833934187,28.7929716869,64.3763651057,141.9644756060,2.8296202575,Syracuse Benchmarking Ordinance
22,2017,13210,Syracuse,NY,5A Cool - Humid (Chicago-IL),Commercial,Education - Other classroom,105533,No Value,No Value,No Value,No Value,Unknown,Unknown,Unknown,Unknown,Unknown,Unknown,No Value,Unknown,Unknown,Unknown,Unknown,67,Unknown,14.5059097649,64.4765108468,78.9824206117,113.2488930509,3.9544783639,Syracuse Benchmarking Ordinance
23,2017,13207,Syracuse,NY,5A Cool - Humid (Chicago-IL),Commercial,Public Assembly - Other,2520,No Value,No Value,No Value,No Value,Unknown,Unknown,Unknown,Unknown,Unknown,Unknown,No Value,Unknown,Unknown,Unknown,Unknown,No Value,Unknown,5.8916284000,16.5467626460,22.4383910460,35.8738139543,1.0941131605,Syracuse Benchmarking Ordinance
24,2017,13202,Syracuse,NY,5A Cool - Humid (Chicago-IL),Commercial,Parking Garage,177030,No Value,No Value,No Value,No Value,Unknown,Unknown,Unknown,Unknown,Unknown,Unknown,No Value,Unknown,Unknown,Unknown,Unknown,No Value,Unknown,2.8591508939,0.0000000000,2.8591508939,8.9777338068,0.1044901136,Syracuse Benchmarking Ordinance
25,2017,13202,Syracuse,NY,5A Cool - Humid (Chicago-IL),Commercial,Public Safety - Fire or police station,18792,No Value,No Value,No Value,No Value,Unknown,Unknown,Unknown,Unknown,Unknown,Unknown,No Value,Unknown,Unknown,Unknown,Unknown,No Value,Unknown,17.8776562315,33.7634865794,51.6411428109,91.5875014752,2.4465330021,Syracuse Benchmarking Ordinance
26,2017,13210,Syracuse,NY,5A Cool - Humid (Chicago-IL),Commercial,Public Safety - Fire or police station,12712,No Value,No Value,No Value,No Value,Unknown,Unknown,Unknown,Unknown,Unknown,Unknown,No Value,Unknown,Unknown,Unknown,Unknown,No Value,Unknown,21.7933800533,68.7710767070,90.5644567604,140.6408439099,4.4488895882,Syracuse Benchmarking Ordinance
27,2017,13202,Syracuse,NY,5A Cool - Humid (Chicago-IL),Commercial,Warehouse - Non-refrigerated,17632,No Value,No Value,No Value,No Value,Unknown,Unknown,Unknown,Unknown,Unknown,Unknown,No Value,Unknown,Unknown,Unknown,Unknown,No Value,Unknown,0.7054374967,38.6125623832,39.3179998799,42.7582642420,2.0764940045,Syracuse Benchmarking Ordinance
28,2017,13206,Syracuse,NY,5A Cool - Humid (Chicago-IL),Commercial,Public Safety - Fire or police station,6930,No Value,No Value,No Value,No Value,Unknown,Unknown,Unknown,Unknown,Unknown,Unknown,No Value,Unknown,Unknown,Unknown,Unknown,No Value,Unknown,25.9483153368,43.5829267965,69.5312421333,127.2397832939,3.2629926083,Syracuse Benchmarking Ordinance
29,2017,13205,Syracuse,NY,5A Cool - Humid (Chicago-IL),Commercial,Public Safety - Fire or police station,12530,No Value,No Value,No Value,No Value,Unknown,Unknown,Unknown,Unknown,Unknown,Unknown,No Value,Unknown,Unknown,Unknown,Unknown,No Value,Unknown,20.1028147939,42.9468400718,63.0496548658,108.2170205284,3.0155812279,Syracuse Benchmarking Ordinance
3,2017,13202,Syracuse,NY,5A Cool - Humid (Chicago-IL),Commercial,Parking Garage,190125,No Value,No Value,No Value,No Value,Unknown,Unknown,Unknown,Unknown,Unknown,Unknown,No Value,Unknown,Unknown,Unknown,Unknown,No Value,Unknown,6.3032890700,0.0000000000,6.3032890700,19.7923276799,0.2303590875,Syracuse Benchmarking Ordinance
30,2017,13208,Syracuse,NY,5A Cool - Humid (Chicago-IL),Commercial,Public Safety - Fire or police station,15488,No Value,No Value,No Value,No Value,Unknown,Unknown,Unknown,Unknown,Unknown,Unknown,No Value,Unknown,Unknown,Unknown,Unknown,No Value,Unknown,22.5167092163,56.0749990186,78.5917082349,129.5812159087,3.8010355848,Syracuse Benchmarking Ordinance
31,2017,13204,Syracuse,NY,5A Cool - Humid (Chicago-IL),Commercial,Public Safety - Fire or police station,10976,No Value,No Value,No Value,No Value,Unknown,Unknown,Unknown,Unknown,Unknown,Unknown,No Value,Unknown,Unknown,Unknown,Unknown,No Value,Unknown,20.8249656358,68.5409938320,89.3659594677,137.3584356199,4.4012783540,Syracuse Benchmarking Ordinance
32,2017,13204,Syracuse,NY,5A Cool - Humid (Chicago-IL),Commercial,Public Safety - Fire or police station,16704,No Value,No Value,No Value,No Value,Unknown,Unknown,Unknown,Unknown,Unknown,Unknown,No Value,Unknown,Unknown,Unknown,Unknown,No Value,Unknown,16.1270188750,61.2138812560,77.3409001310,114.9134145863,3.8404449246,Syracuse Benchmarking Ordinance
33,2017,13202,Syracuse,NY,5A Cool - Humid (Chicago-IL),Commercial,Public Safety - Fire or police station,18032,No Value,No Value,No Value,No Value,Unknown,Unknown,Unknown,Unknown,Unknown,Unknown,No Value,Unknown,Unknown,Unknown,Unknown,No Value,Unknown,16.5266448357,44.5604459683,61.0870908040,98.6821330509,2.9705856488,Syracuse Benchmarking Ordinance
34,2017,13210,Syracuse,NY,5A Cool - Humid (Chicago-IL),Commercial,Public Safety - Fire or police station,11280,No Value,No Value,No Value,No Value,Unknown,Unknown,Unknown,Unknown,Unknown,Unknown,No Value,Unknown,Unknown,Unknown,Unknown,No Value,Unknown,0.5042283835,41.1421474291,41.6463758126,44.7825319248,2.2034869073,Syracuse Benchmarking Ordinance
35,2017,13205,Syracuse,NY,5A Cool - Humid (Chicago-IL),Commercial,Public Safety - Fire or police station,13892,No Value,No Value,No Value,No Value,Unknown,Unknown,Unknown,Unknown,Unknown,Unknown,No Value,Unknown,Unknown,Unknown,Unknown,No Value,Unknown,21.1401133039,65.5975904477,86.7377037517,135.2574257444,4.2564715412,Syracuse Benchmarking Ordinance
36,2017,13203,Syracuse,NY,5A Cool - Humid (Chicago-IL),Commercial,Public Safety - Fire or police station,12210,No Value,No Value,No Value,No Value,Unknown,Unknown,Unknown,Unknown,Unknown,Unknown,No Value,Unknown,Unknown,Unknown,Unknown,No Value,Unknown,23.2554527455,75.1431151433,98.3985678888,151.9223925212,4.8407412460,Syracuse Benchmarking Ordinance
37,2017,13204,Syracuse,NY,5A Cool - Humid (Chicago-IL),Commercial,Service - Other service,18199,No Value,No Value,No Value,No Value,Unknown,Unknown,Unknown,Unknown,Unknown,Unknown,No Value,Unknown,Unknown,Unknown,Unknown,No Value,Unknown,21.5514167228,55.1969427392,76.7483594619,125.6282383857,3.7191245764,Syracuse Benchmarking Ordinance
38,2017,13204,Syracuse,NY,5A Cool - Humid (Chicago-IL),Commercial,Education - Other classroom,231291,No Value,No Value,No Value,No Value,Unknown,Unknown,Unknown,Unknown,Unknown,Unknown,No Value,Unknown,Unknown,Unknown,Unknown,3,Unknown,46.4514005604,70.6707129979,117.1221135583,220.0616464074,5.4509277101,Syracuse Benchmarking Ordinance
39,2017,13208,Syracuse,NY,5A Cool - Humid (Chicago-IL),Commercial,Education - Other classroom,117721,No Value,No Value,No Value,No Value,Unknown,Unknown,Unknown,Unknown,Unknown,Unknown,No Value,Unknown,Unknown,Unknown,Unknown,77,Unknown,17.9590863379,41.7104837888,59.6695701267,100.1875390793,2.8715739567,Syracuse Benchmarking Ordinance
4,2017,13210,Syracuse,NY,5A Cool - Humid (Chicago-IL),Commercial,Public Assembly - Recreation,1610,No Value,No Value,No Value,No Value,Unknown,Unknown,Unknown,Unknown,Unknown,Unknown,No Value,Unknown,Unknown,Unknown,Unknown,No Value,Unknown,4.0608704683,48.9476493876,53.0085198559,64.1461651275,2.7480176417,Syracuse Benchmarking Ordinance
40,2017,13204,Syracuse,NY,5A Cool - Humid (Chicago-IL),Commercial,Education - Other classroom,145633,No Value,No Value,No Value,No Value,Unknown,Unknown,Unknown,Unknown,Unknown,Unknown,No Value,Unknown,Unknown,Unknown,Unknown,64,Unknown,21.4402389639,42.6002343294,64.0404732934,112.0525963927,3.0460503065,Syracuse Benchmarking Ordinance
41,2017,13204,Syracuse,NY,5A Cool - Humid (Chicago-IL),Commercial,Public Assembly - Recreation,2048,No Value,No Value,No Value,No Value,Unknown,Unknown,Unknown,Unknown,Unknown,Unknown,No Value,Unknown,Unknown,Unknown,Unknown,No Value,Unknown,44.9759371582,0.0000000000,44.9759371582,141.2244426768,1.6436840715,Syracuse Benchmarking Ordinance
42,2017,13208,Syracuse,NY,5A Cool - Humid (Chicago-IL),Commercial,Education - Other classroom,222971,No Value,No Value,No Value,No Value,Unknown,Unknown,Unknown,Unknown,Unknown,Unknown,No Value,Unknown,Unknown,Unknown,Unknown,63,Unknown,17.0185369917,50.7207969983,67.7393339899,106.6950430021,3.3157385114,Syracuse Benchmarking Ordinance
43,2017,13224,Syracuse,NY,5A Cool - Humid (Chicago-IL),Commercial,Education - Other classroom,126081,No Value,No Value,No Value,No Value,Unknown,Unknown,Unknown,Unknown,Unknown,Unknown,No Value,Unknown,Unknown,Unknown,Unknown,31,Unknown,39.0111028967,30.6835850311,69.6946879278,154.7126273783,3.0552993053,Syracuse Benchmarking Ordinance
44,2017,13206,Syracuse,NY,5A Cool - Humid (Chicago-IL),Commercial,Education - Other classroom,238533,No Value,No Value,No Value,No Value,Unknown,Unknown,Unknown,Unknown,Unknown,Unknown,No Value,Unknown,Unknown,Unknown,Unknown,48,Unknown,19.5819855522,56.9246191093,76.5066046615,121.2582846987,3.7389069227,Syracuse Benchmarking Ordinance
45,2017,13206,Syracuse,NY,5A Cool - Humid (Chicago-IL),Commercial,Education - Other classroom,144061,No Value,No Value,No Value,No Value,Unknown,Unknown,Unknown,Unknown,Unknown,Unknown,No Value,Unknown,Unknown,Unknown,Unknown,52,Unknown,25.0424752065,44.3284452902,69.3709204967,125.1782397031,3.2694823935,Syracuse Benchmarking Ordinance
46,2017,13202,Syracuse,NY,5A Cool - Humid (Chicago-IL),Commercial,Education - Other classroom,114000,No Value,No Value,No Value,No Value,Unknown,Unknown,Unknown,Unknown,Unknown,Unknown,No Value,Unknown,Unknown,Unknown,Unknown,10,Unknown,47.8102741348,50.5754395754,98.3857137102,203.2284723374,4.4333289351,Syracuse Benchmarking Ordinance
47,2017,13202,Syracuse,NY,5A Cool - Humid (Chicago-IL),Commercial,Education - Other classroom,48874,No Value,No Value,No Value,No Value,Unknown,Unknown,Unknown,Unknown,Unknown,Unknown,No Value,Unknown,Unknown,Unknown,Unknown,No Value,Unknown,26.8168903031,22.5086599584,49.3255502616,107.8391285082,2.1754811112,Syracuse Benchmarking Ordinance
48,2017,13207,Syracuse,NY,5A Cool - Humid (Chicago-IL),Commercial,Public Assembly - Recreation,24824,No Value,No Value,No Value,No Value,Unknown,Unknown,Unknown,Unknown,Unknown,Unknown,No Value,Unknown,Unknown,Unknown,Unknown,No Value,Unknown,9.1541541799,25.4685883339,34.6227425138,55.4860618755,1.6871831164,Syracuse Benchmarking Ordinance
49,2017,13207,Syracuse,NY,5A Cool - Humid (Chicago-IL),Commercial,Public Assembly - Recreation,11000,No Value,No Value,No Value,No Value,Unknown,Unknown,Unknown,Unknown,Unknown,Unknown,No Value,Unknown,Unknown,Unknown,Unknown,No Value,Unknown,No Value,No Value,No Value,No Value,No Value,Syracuse Benchmarking Ordinance
5,2017,13210,Syracuse,NY,5A Cool - Humid (Chicago-IL),Commercial,Industrial,31200,No Value,No Value,No Value,No Value,Unknown,Unknown,Unknown,Unknown,Unknown,Unknown,No Value,Unknown,Unknown,Unknown,Unknown,No Value,Unknown,108.4518514685,49.1253309040,157.5771823724,392.1204110601,6.5725119471,Syracuse Benchmarking Ordinance
50,2017,13207,Syracuse,NY,5A Cool - Humid (Chicago-IL),Commercial,Public Assembly - Pool,6481,No Value,No Value,No Value,No Value,Unknown,Unknown,Unknown,Unknown,Unknown,Unknown,No Value,Unknown,Unknown,Unknown,Unknown,No Value,Unknown,No Value,No Value,No Value,No Value,No Value,Syracuse Benchmarking Ordinance
51,2017,13207,Syracuse,NY,5A Cool - Humid (Chicago-IL),Commercial,Public Assembly - Recreation,3171,No Value,No Value,No Value,No Value,Unknown,Unknown,Unknown,Unknown,Unknown,Unknown,No Value,Unknown,Unknown,Unknown,Unknown,No Value,Unknown,No Value,No Value,No Value,No Value,No Value,Syracuse Benchmarking Ordinance
52,2017,13207,Syracuse,NY,5A Cool - Humid (Chicago-IL),Commercial,Public Assembly - Recreation,4172,No Value,No Value,No Value,No Value,Unknown,Unknown,Unknown,Unknown,Unknown,Unknown,No Value,Unknown,Unknown,Unknown,Unknown,No Value,Unknown,No Value,No Value,No Value,No Value,No Value,Syracuse Benchmarking Ordinance
53,2017,13208,Syracuse,NY,5A Cool - Humid (Chicago-IL),Commercial,Education - Other classroom,72198,No Value,No Value,No Value,No Value,Unknown,Unknown,Unknown,Unknown,Unknown,Unknown,No Value,Unknown,Unknown,Unknown,Unknown,76,Unknown,20.3039249390,42.7782436549,63.0821685939,108.6714801462,3.0139768144,Syracuse Benchmarking Ordinance
54,2017,13210,Syracuse,NY,5A Cool - Humid (Chicago-IL),Commercial,Education - Other classroom,113058,No Value,No Value,No Value,No Value,Unknown,Unknown,Unknown,Unknown,Unknown,Unknown,No Value,Unknown,Unknown,Unknown,Unknown,73,Unknown,11.0916400637,67.7024170718,78.7940571355,105.9152877255,4.0010288386,Syracuse Benchmarking Ordinance
55,2017,13207,Syracuse,NY,5A Cool - Humid (Chicago-IL),Commercial,Public Assembly - Pool,11010,No Value,No Value,No Value,No Value,Unknown,Unknown,Unknown,Unknown,Unknown,Unknown,No Value,Unknown,Unknown,Unknown,Unknown,No Value,Unknown,No Value,No Value,No Value,No Value,No Value,Syracuse Benchmarking Ordinance
56,2017,13203,Syracuse,NY,5A Cool - Humid (Chicago-IL),Commercial,Education - Other classroom,140409,No Value,No Value,No Value,No Value,Unknown,Unknown,Unknown,Unknown,Unknown,Unknown,No Value,Unknown,Unknown,Unknown,Unknown,15,Unknown,48.7972739466,27.6099730288,76.4072469754,182.2139118726,3.2497037587,Syracuse Benchmarking Ordinance
57,2017,13203,Syracuse,NY,5A Cool - Humid (Chicago-IL),Commercial,Public Assembly - Recreation,7320,No Value,No Value,No Value,No Value,Unknown,Unknown,Unknown,Unknown,Unknown,Unknown,No Value,Unknown,Unknown,Unknown,Unknown,No Value,Unknown,22.5124327008,0.0000000000,22.5124327008,70.6890386806,0.8227360980,Syracuse Benchmarking Ordinance
58,2017,13203,Syracuse,NY,5A Cool - Humid (Chicago-IL),Commercial,Public Assembly - Pool,4800,No Value,No Value,No Value,No Value,Unknown,Unknown,Unknown,Unknown,Unknown,Unknown,No Value,Unknown,Unknown,Unknown,Unknown,No Value,Unknown,No Value,No Value,No Value,No Value,No Value,Syracuse Benchmarking Ordinance
59,2017,13203,Syracuse,NY,5A Cool - Humid (Chicago-IL),Commercial,Public Assembly - Recreation,2520,No Value,No Value,No Value,No Value,Unknown,Unknown,Unknown,Unknown,Unknown,Unknown,No Value,Unknown,Unknown,Unknown,Unknown,No Value,Unknown,No Value,No Value,No Value,No Value,No Value,Syracuse Benchmarking Ordinance
6,2017,13210,Syracuse,NY,5A Cool - Humid (Chicago-IL),Commercial,Service - Repair shop,8034,No Value,No Value,No Value,No Value,Unknown,Unknown,Unknown,Unknown,Unknown,Unknown,No Value,Unknown,Unknown,Unknown,Unknown,No Value,Unknown,16.0322587491,104.3665215634,120.3987803124,159.9261401136,6.1288185615,Syracuse Benchmarking Ordinance
60,2017,13203,Syracuse,NY,5A Cool - Humid (Chicago-IL),Commercial,Public Assembly - Recreation,3208,No Value,No Value,No Value,No Value,Unknown,Unknown,Unknown,Unknown,Unknown,Unknown,No Value,Unknown,Unknown,Unknown,Unknown,No Value,Unknown,30.4688785661,128.9900261752,159.4589047413,231.1118061815,7.9641715039,Syracuse Benchmarking Ordinance
61,2017,13202,Syracuse,NY,5A Cool - Humid (Chicago-IL),Commercial,Parking Garage,157728,No Value,No Value,No Value,No Value,Unknown,Unknown,Unknown,Unknown,Unknown,Unknown,No Value,Unknown,Unknown,Unknown,Unknown,No Value,Unknown,2.2939701613,0.0000000000,2.2939701613,7.2030663065,0.0838351006,Syracuse Benchmarking Ordinance
63,2017,13208,Syracuse,NY,5A Cool - Humid (Chicago-IL),Commercial,Public Assembly - Recreation,12662,No Value,No Value,No Value,No Value,Unknown,Unknown,Unknown,Unknown,Unknown,Unknown,No Value,Unknown,Unknown,Unknown,Unknown,No Value,Unknown,27.3790415416,48.9812063339,76.3602478755,137.4004570913,3.6019823467,Syracuse Benchmarking Ordinance
64,2017,13205,Syracuse,NY,5A Cool - Humid (Chicago-IL),Commercial,Public Assembly - Recreation,3728,No Value,No Value,No Value,No Value,Unknown,Unknown,Unknown,Unknown,Unknown,Unknown,No Value,Unknown,Unknown,Unknown,Unknown,No Value,Unknown,25.2260388863,22.9451219474,48.1711608337,103.3021401477,2.1405225824,Syracuse Benchmarking Ordinance
65,2017,13205,Syracuse,NY,5A Cool - Humid (Chicago-IL),Commercial,Education - Other classroom,118400,No Value,No Value,No Value,No Value,Unknown,Unknown,Unknown,Unknown,Unknown,Unknown,No Value,Unknown,Unknown,Unknown,Unknown,52,Unknown,27.5693447944,40.0194243708,67.5887691652,128.5881382437,3.1329769017,Syracuse Benchmarking Ordinance
66,2017,13205,Syracuse,NY,5A Cool - Humid (Chicago-IL),Commercial,Education - Other classroom,85899,No Value,No Value,No Value,No Value,Unknown,Unknown,Unknown,Unknown,Unknown,Unknown,No Value,Unknown,Unknown,Unknown,Unknown,83,Unknown,17.4196899072,39.6441191178,57.0638090250,96.3241513822,2.7421166254,Syracuse Benchmarking Ordinance
67,2017,13205,Syracuse,NY,5A Cool - Humid (Chicago-IL),Commercial,Public Assembly - Other,35181,No Value,No Value,No Value,No Value,Unknown,Unknown,Unknown,Unknown,Unknown,Unknown,No Value,Unknown,Unknown,Unknown,Unknown,No Value,Unknown,64.2946453067,41.5367195930,105.8313648997,245.4987418357,4.5557179531,Syracuse Benchmarking Ordinance
68,2017,13205,Syracuse,NY,5A Cool - Humid (Chicago-IL),Commercial,Public Assembly - Recreation,8820,No Value,No Value,No Value,No Value,Unknown,Unknown,Unknown,Unknown,Unknown,Unknown,No Value,Unknown,Unknown,Unknown,Unknown,No Value,Unknown,11.9734391156,55.2603583821,67.2337974977,95.6199751243,3.3724572017,Syracuse Benchmarking Ordinance
69,2017,13206,Syracuse,NY,5A Cool - Humid (Chicago-IL),Commercial,Public Assembly - Recreation,1908,No Value,No Value,No Value,No Value,Unknown,Unknown,Unknown,Unknown,Unknown,Unknown,No Value,Unknown,Unknown,Unknown,Unknown,No Value,Unknown,36.0184640000,115.2841462788,151.3026102788,234.1463305528,7.4390665664,Syracuse Benchmarking Ordinance
7,2017,13207,Syracuse,NY,5A Cool - Humid (Chicago-IL),Commercial,Education - Other classroom,78989,No Value,No Value,No Value,No Value,Unknown,Unknown,Unknown,Unknown,Unknown,Unknown,No Value,Unknown,Unknown,Unknown,Unknown,50,Unknown,36.9858325436,21.6198703725,58.6057029161,138.8363780780,2.4999101834,Syracuse Benchmarking Ordinance
70,2017,13224,Syracuse,NY,5A Cool - Humid (Chicago-IL),Commercial,Education - Other classroom,262545,No Value,No Value,No Value,No Value,Unknown,Unknown,Unknown,Unknown,Unknown,Unknown,No Value,Unknown,Unknown,Unknown,Unknown,20,Unknown,27.6567940874,65.8344276791,93.4912217665,155.9684824976,4.5072076366,Syracuse Benchmarking Ordinance
71,2017,13207,Syracuse,NY,5A Cool - Humid (Chicago-IL),Commercial,Public Assembly - Recreation,18145,No Value,No Value,No Value,No Value,Unknown,Unknown,Unknown,Unknown,Unknown,Unknown,No Value,Unknown,Unknown,Unknown,Unknown,No Value,Unknown,15.2563746597,6.1896209193,21.4459955789,54.4041183966,0.8862880210,Syracuse Benchmarking Ordinance
72,2017,13207,Syracuse,NY,5A Cool - Humid (Chicago-IL),Commercial,Public Assembly - Recreation,4608,No Value,No Value,No Value,No Value,Unknown,Unknown,Unknown,Unknown,Unknown,Unknown,No Value,Unknown,Unknown,Unknown,Unknown,No Value,Unknown,No Value,No Value,No Value,No Value,No Value,Syracuse Benchmarking Ordinance
73,2017,13207,Syracuse,NY,5A Cool - Humid (Chicago-IL),Commercial,Education - Other classroom,1906,No Value,No Value,No Value,No Value,Unknown,Unknown,Unknown,Unknown,Unknown,Unknown,No Value,Unknown,Unknown,Unknown,Unknown,No Value,Unknown,33.4993020724,164.8007538426,198.3000559150,278.2286000421,9.9768286680,Syracuse Benchmarking Ordinance
74,2017,13207,Syracuse,NY,5A Cool - Humid (Chicago-IL),Commercial,Commercial - Other,1083,No Value,No Value,No Value,No Value,Unknown,Unknown,Unknown,Unknown,Unknown,Unknown,No Value,Unknown,Unknown,Unknown,Unknown,No Value,Unknown,No Value,No Value,No Value,No Value,No Value,Syracuse Benchmarking Ordinance
75,2017,13207,Syracuse,NY,5A Cool - Humid (Chicago-IL),Commercial,Public Assembly - Recreation,126460,No Value,No Value,No Value,No Value,Unknown,Unknown,Unknown,Unknown,Unknown,Unknown,No Value,Unknown,Unknown,Unknown,Unknown,No Value,Unknown,0.7553791539,27.8995370963,28.6549162502,31.6664044943,1.5093503921,Syracuse Benchmarking Ordinance
76,2017,13210,Syracuse,NY,5A Cool - Humid (Chicago-IL),Commercial,Education - Other classroom,101740,No Value,No Value,No Value,No Value,Unknown,Unknown,Unknown,Unknown,Unknown,Unknown,No Value,Unknown,Unknown,Unknown,Unknown,72,Unknown,17.7180383407,49.7700025654,67.4880409061,107.8931430835,3.2908056938,Syracuse Benchmarking Ordinance
77,2017,13224,Syracuse,NY,5A Cool - Humid (Chicago-IL),Commercial,Service - Other service,14136,No Value,No Value,No Value,No Value,Unknown,Unknown,Unknown,Unknown,Unknown,Unknown,No Value,Unknown,Unknown,Unknown,Unknown,No Value,Unknown,50.5185478735,45.1152335088,95.6337813823,205.9992355070,4.2423135699,Syracuse Benchmarking Ordinance
78,2017,13205,Syracuse,NY,5A Cool - Humid (Chicago-IL),Commercial,Education - Other classroom,1005,No Value,No Value,No Value,No Value,Unknown,Unknown,Unknown,Unknown,Unknown,Unknown,No Value,Unknown,Unknown,Unknown,Unknown,No Value,Unknown,16.8902627582,103.7415086567,120.6317714149,161.9640091503,6.1269806160,Syracuse Benchmarking Ordinance
79,2017,13204,Syracuse,NY,5A Cool - Humid (Chicago-IL),Commercial,Education - Other classroom,80867,No Value,No Value,No Value,No Value,Unknown,Unknown,Unknown,Unknown,Unknown,Unknown,No Value,Unknown,Unknown,Unknown,Unknown,67,Unknown,18.8893829030,56.1731401066,75.0625230096,118.2944594273,3.6736841170,Syracuse Benchmarking Ordinance
8,2017,13204,Syracuse,NY,5A Cool - Humid (Chicago-IL),Commercial,Warehouse - Non-refrigerated,57332,No Value,No Value,No Value,No Value,Unknown,Unknown,Unknown,Unknown,Unknown,Unknown,No Value,Unknown,Unknown,Unknown,Unknown,82,Unknown,6.7100996018,22.2435990412,28.9536986430,44.4254917429,1.4265838712,Syracuse Benchmarking Ordinance
80,2017,13210,Syracuse,NY,5A Cool - Humid (Chicago-IL),Commercial,Warehouse - Non-refrigerated,185553,No Value,No Value,No Value,No Value,Unknown,Unknown,Unknown,Unknown,Unknown,Unknown,No Value,Unknown,Unknown,Unknown,Unknown,No Value,Unknown,35.8916219760,66.8008605089,102.6924824849,182.8405965390,4.8594837090,Syracuse Benchmarking Ordinance
81,2017,13207,Syracuse,NY,5A Cool - Humid (Chicago-IL),Commercial,Education - Other classroom,98156,No Value,No Value,No Value,No Value,Unknown,Unknown,Unknown,Unknown,Unknown,Unknown,No Value,Unknown,Unknown,Unknown,Unknown,59,Unknown,24.8178816577,43.6428125637,68.4606942213,123.7531015969,3.2248604762,Syracuse Benchmarking Ordinance
82,2017,13203,Syracuse,NY,5A Cool - Humid (Chicago-IL),Commercial,Education - Other classroom,81915,No Value,No Value,No Value,No Value,Unknown,Unknown,Unknown,Unknown,Unknown,Unknown,No Value,Unknown,Unknown,Unknown,Unknown,75,Unknown,19.2367884840,44.7213965269,63.9581850109,107.3609821930,3.0781782494,Syracuse Benchmarking Ordinance
83,2017,13203,Syracuse,NY,5A Cool - Humid (Chicago-IL),Commercial,Public Assembly - Recreation,16220,No Value,No Value,No Value,No Value,Unknown,Unknown,Unknown,Unknown,Unknown,Unknown,No Value,Unknown,Unknown,Unknown,Unknown,No Value,Unknown,16.4590526264,5.7192764420,22.1783290684,57.6866655110,0.9052609202,Syracuse Benchmarking Ordinance
84,2017,13203,Syracuse,NY,5A Cool - Humid (Chicago-IL),Commercial,Public Assembly - Pool,13600,No Value,No Value,No Value,No Value,Unknown,Unknown,Unknown,Unknown,Unknown,Unknown,No Value,Unknown,Unknown,Unknown,Unknown,No Value,Unknown,No Value,No Value,No Value,No Value,No Value,Syracuse Benchmarking Ordinance
85,2017,13203,Syracuse,NY,5A Cool - Humid (Chicago-IL),Commercial,Public Assembly - Recreation,2620,No Value,No Value,No Value,No Value,Unknown,Unknown,Unknown,Unknown,Unknown,Unknown,No Value,Unknown,Unknown,Unknown,Unknown,No Value,Unknown,No Value,No Value,No Value,No Value,No Value,Syracuse Benchmarking Ordinance
86,2017,13204,Syracuse,NY,5A Cool - Humid (Chicago-IL),Commercial,Service - Repair shop,34892,No Value,No Value,No Value,No Value,Unknown,Unknown,Unknown,Unknown,Unknown,Unknown,No Value,Unknown,Unknown,Unknown,Unknown,No Value,Unknown,12.2303978693,100.1915459131,112.4219437824,143.6045725182,5.7681433488,Syracuse Benchmarking Ordinance
87,2017,13204,Syracuse,NY,5A Cool - Humid (Chicago-IL),Commercial,Education - Other classroom,87629,No Value,No Value,No Value,No Value,Unknown,Unknown,Unknown,Unknown,Unknown,Unknown,No Value,Unknown,Unknown,Unknown,Unknown,86,Unknown,15.9948876269,39.2925963505,55.2874839775,91.4811733167,2.6713766339,Syracuse Benchmarking Ordinance
88,2017,13207,Syracuse,NY,5A Cool - Humid (Chicago-IL),Commercial,Education - Other classroom,91326,No Value,No Value,No Value,No Value,Unknown,Unknown,Unknown,Unknown,Unknown,Unknown,No Value,Unknown,Unknown,Unknown,Unknown,80,Unknown,13.7702113133,53.9090740797,67.6792853930,99.8429913075,3.3663550684,Syracuse Benchmarking Ordinance
89,2017,13152,Skaneateles,NY,5A Cool - Humid (Chicago-IL),Commercial,Industrial,4221,No Value,No Value,No Value,No Value,Unknown,Unknown,Unknown,Unknown,Unknown,Unknown,No Value,Unknown,Unknown,Unknown,Unknown,No Value,Unknown,No Value,84.2022345463,No Value,No Value,No Value,Syracuse Benchmarking Ordinance
9,2017,13204,Syracuse,NY,5A Cool - Humid (Chicago-IL),Commercial,Public Assembly - Recreation,1457,No Value,No Value,No Value,No Value,Unknown,Unknown,Unknown,Unknown,Unknown,Unknown,No Value,Unknown,Unknown,Unknown,Unknown,No Value,Unknown,135.1809306836,0.0000000000,135.1809306836,424.4681223465,4.9403026723,Syracuse Benchmarking Ordinance
90,2017,13204,Syracuse,NY,5A Cool - Humid (Chicago-IL),Commercial,Warehouse - Non-refrigerated,3600,No Value,No Value,No Value,No Value,Unknown,Unknown,Unknown,Unknown,Unknown,Unknown,No Value,Unknown,Unknown,Unknown,Unknown,No Value,Unknown,No Value,No Value,No Value,No Value,No Value,Syracuse Benchmarking Ordinance
91,2017,13204,Syracuse,NY,5A Cool - Humid (Chicago-IL),Commercial,Service - Repair shop,6650,No Value,No Value,No Value,No Value,Unknown,Unknown,Unknown,Unknown,Unknown,Unknown,No Value,Unknown,Unknown,Unknown,Unknown,No Value,Unknown,No Value,No Value,No Value,No Value,No Value,Syracuse Benchmarking Ordinance
92,2017,13204,Syracuse,NY,5A Cool - Humid (Chicago-IL),Commercial,Service - Repair shop,6540,No Value,No Value,No Value,No Value,Unknown,Unknown,Unknown,Unknown,Unknown,Unknown,No Value,Unknown,Unknown,Unknown,Unknown,No Value,Unknown,No Value,No Value,No Value,No Value,No Value,Syracuse Benchmarking Ordinance
93,2017,13204,Syracuse,NY,5A Cool - Humid (Chicago-IL),Commercial,Public Assembly - Recreation,53166,No Value,No Value,No Value,No Value,Unknown,Unknown,Unknown,Unknown,Unknown,Unknown,No Value,Unknown,Unknown,Unknown,Unknown,No Value,Unknown,14.1732873942,82.3352825114,96.5085699056,130.9561690547,4.8908017581,Syracuse Benchmarking Ordinance
94,2017,13204,Syracuse,NY,5A Cool - Humid (Chicago-IL),Commercial,Warehouse - Non-refrigerated,16790,No Value,No Value,No Value,No Value,Unknown,Unknown,Unknown,Unknown,Unknown,Unknown,No Value,Unknown,Unknown,Unknown,Unknown,No Value,Unknown,24.7955478668,13.3172650265,38.1128128933,91.8411485797,1.6134544390,Syracuse Benchmarking Ordinance
95,2017,13206,Syracuse,NY,5A Cool - Humid (Chicago-IL),Commercial,Public Assembly - Recreation,2025,No Value,No Value,No Value,No Value,Unknown,Unknown,Unknown,Unknown,Unknown,Unknown,No Value,Unknown,Unknown,Unknown,Unknown,No Value,Unknown,11.7273145541,146.2735126222,158.0008271763,190.4109559531,8.1971709909,Syracuse Benchmarking Ordinance
96,2017,13206,Syracuse,NY,5A Cool - Humid (Chicago-IL),Commercial,Public Assembly - Other,40678,No Value,No Value,No Value,No Value,Unknown,Unknown,Unknown,Unknown,Unknown,Unknown,No Value,Unknown,Unknown,Unknown,Unknown,No Value,Unknown,16.5809134232,16.4462997677,33.0272131909,69.3326829048,1.4794266360,Syracuse Benchmarking Ordinance
97,2017,13206,Syracuse,NY,5A Cool - Humid (Chicago-IL),Commercial,Food Sales,1510,No Value,No Value,No Value,No Value,Unknown,Unknown,Unknown,Unknown,Unknown,Unknown,No Value,Unknown,Unknown,Unknown,Unknown,No Value,Unknown,12.8655755563,0.0000000000,12.8655755563,40.3979072468,0.4701834569,Syracuse Benchmarking Ordinance
98,2017,13210,Syracuse,NY,5A Cool - Humid (Chicago-IL),Commercial,Public Assembly - Recreation,17605,No Value,No Value,No Value,No Value,Unknown,Unknown,Unknown,Unknown,Unknown,Unknown,No Value,Unknown,Unknown,Unknown,Unknown,No Value,Unknown,17.1426068653,4.4128697126,21.5554765779,58.4612987553,0.8608587328,Syracuse Benchmarking Ordinance
99,2017,13210,Syracuse,NY,5A Cool - Humid (Chicago-IL),Commercial,Public Assembly - Drama theater,1800,No Value,No Value,No Value,No Value,Unknown,Unknown,Unknown,Unknown,Unknown,Unknown,No Value,Unknown,Unknown,Unknown,Unknown,No Value,Unknown,10.5465456133,0.0000000000,10.5465456133,33.1161532259,0.3854325252,Syracuse Benchmarking Ordinance
